{
    "mean": [
        49.857,
        0.477,
        170.05241692306717,
        71.20576903878789,
        24.888316768452263,
        2.534
    ],
    "scale": [
        18.105207841944264,
        0.4994707198625361,
        10.3048145203612,
        15.50209245158827,
        6.190814711725944,
        1.115725772759597
    ]
}